title,area,milestone,priority,status,type,source,description,acceptanceCriteria,dependencies,openDecision
Fechar escopo do MVP e prioridades do vertical slice,Produto,Pre-producao,P0,Todo,Decisao,"GDD 2, 26.1, 32","Confirmar quais sistemas entram no MVP, quais ficam para depois e quais ficam fora de escopo para proteger a janela de 15-16 semanas.","Tabela de MVP preenchida para mapa, resgate, santuario, conteudo, progressao e prestigio. | Criterio de pronto definido para cada sistema do vertical slice. | Questoes abertas Q-001 a Q-008 revisadas e responsaveis atribuídos.",,Q-006: quais sistemas entram no MVP; Q-004: Soltura no MVP ou depois.
Definir schema do Airtable para backlog e conteudo,Producao,Pre-producao,P0,Todo,Ferramenta,"Pedido do usuario, GDD 27.2","Criar ou ajustar tabelas para tasks, marcos, decisoes abertas e catalogo de especies com campos suficientes para sincronizar GDD, execucao e status.","Tabela de tasks aceita titulo, area, marco, prioridade, status, descricao, aceite, dependencias e decisao aberta. | Tabela de decisoes registra impacto, opcoes, responsavel, prazo e estado. | Tabela de especies comporta dados cientificos, gameplay e fontes.",Fechar escopo do MVP e prioridades do vertical slice,"Confirmar baseId, tableId e nomes finais dos campos no Airtable."
Consolidar catalogo inicial de especies,Conteudo,Pre-producao,P0,Todo,Conteudo,"GDD 9, 9.1, 26.1","Transformar a planilha de 62 animais em catalogo versionado com dados cientificos, campos de gameplay e fonte IUCN.","Cada especie possui id, nome comum, nome cientifico, classe, regiao, IUCN, fonte e data de consulta. | Cada especie possui raridade de jogo, dieta, bioma principal, biomas compativeis, chance base e producao base. | Raridade de jogo e risco real sao comunicados como conceitos diferentes.",Definir schema do Airtable para backlog e conteudo,"Catalogo canonico completo, matriz por bioma e valores de gameplay por especie."
Modelar dados canonicos de gameplay,Tecnologia,Pre-producao,P0,Todo,Arquitetura,"Skill tabelas-atuais, GDD 9.1, 10, 11, 13","Definir entidades de dados para cestas, especies, biomas, terrenos, upgrades, economia, inventario e progressao sem amarrar valores em codigo.","Cestas separam familia alimentar, nivel, custo e modificador de chance. | Terrenos separam bioma, especie ocupante, individuos, capacidade e trilhas de upgrade. | Balanceamento fica em configuracao editavel, nao espalhado em UI.",Consolidar catalogo inicial de especies,"Stack de persistencia e fonte de verdade: bundle, remoto, local ou backend."
Implementar mapa com localizacao e permissoes,Mapa,Vertical slice,P0,Todo,Feature,"GDD 7, 18, 23","Construir tela de mapa real com posicao do jogador, estados de permissao e acesso ao fluxo de encontro.","Mapa mostra posicao atual e estado sem GPS, permissao negada, baixa precisao e offline. | Permissao de localizacao explica uso em primeiro plano e beneficio opcional em segundo plano. | Interacao em velocidade alta exibe aviso ou bloqueio conforme regra de seguranca.",Modelar dados canonicos de gameplay,"OpenFreeMap, MapKit ou outro provedor; precisao minima; comportamento em segundo plano."
Criar leitura e conversao de passos,Mapa,Vertical slice,P0,Todo,Feature,"GDD 7, 12, 23.1, 28","Creditar moeda por caminhada com deduplicacao, tratamento de atraso e protecao contra abuso.","1000 passos geram 1 moeda secundaria conforme proposta atual. | Dados atrasados ou duplicados nao geram credito repetido. | Estados de sem permissao, dados indisponiveis e fuso alterado sao tratados sem perda de save.",Implementar mapa com localizacao e permissoes,HealthKit ou Core Motion; teto diario; alternativa para mobilidade reduzida.
Prototipar spawns proximos ao jogador,Mapa,Vertical slice,P0,Todo,Feature,"GDD 7, 17, 23.1","Gerar entidades de animais em raio ao redor do jogador, inicialmente como arbusto nao identificado, com expiracao e inicio de encontro.","Spawn aparece proximo ao jogador como entidade nao identificada. | Tocar no spawn abre encontro somente quando ha slot de animal a abrigar disponivel. | Expiracao, velocidade alta e area sem cobertura possuem comportamento definido.",Criar leitura e conversao de passos | Consolidar catalogo inicial de especies,"Spawns sincronicos ou assincronos; raio, frequencia, duracao, raridade por regiao."
Implementar descoberta do animal no encontro,Resgate,Vertical slice,P0,Todo,Feature,"GDD 8, 8.1",Criar estado inicial do encontro em que o animal esta parcialmente escondido e o jogador remove o arbusto para identifica-lo.,"Animal inicia parcialmente oculto e nao identificavel. | Gesto de limpar revela o animal e toca audio de identificacao. | Apos revelacao, uma informacao de dieta sorteada habilita escolha de cesta.",Prototipar spawns proximos ao jogador,Alternativa acessivel ao gesto de limpar e formato do audio por especie.
Implementar escolha de cestas e inventario,Resgate,Vertical slice,P0,Todo,Feature,"GDD 10, 10.1, Skill tabelas-atuais","Permitir selecionar cestas por familia e nivel, mostrar estoque, compatibilidade e consumo ao lancar.",Tres familias e tres niveis usam nomes canonicos da skill. | Cesta lancada e consumida mesmo se errar o alvo. | Cesta inadequada comunica 0% de resgate e risco de fuga ou permanencia.,Implementar descoberta do animal no encontro,Precos finais; aquisicao por loja ou missao; feedback de cesta correta sem exigir conhecimento previo.
Implementar minigame de estilingue,Resgate,Vertical slice,P0,Todo,Feature,"GDD 8.2, spec 001","Construir gesto de puxar, mirar e soltar com zona externa, intermediaria e central, respeitando reducao de movimento.","Qualidade do lancamento classifica acerto externo, intermediario, central ou erro. | Mao Firme aumenta a zona valida sem multiplicar diretamente a chance. | Existe alternativa acessivel ao gesto principal.",Implementar escolha de cestas e inventario,"Tamanho, forma e crescimento numerico da zona de acerto."
Implementar resolucao probabilistica do resgate,Resgate,Vertical slice,P0,Todo,Feature,GDD 8.3,"Resolver tentativa em resgate, fuga ou permanencia conforme cesta, qualidade do lancamento, raridade e upgrades.",Chance de resgate usa clamp entre 15% e 98% apenas para cesta compativel ou preferida dentro do alvo. | Dieta incompativel tem 0% de resgate e calcula fuga condicional. | Falha pode manter o animal disponivel para nova tentativa.,Implementar minigame de estilingue | Criar leitura e conversao de passos,A skill local ainda marca a formula como proposta; confirmar se a formula do GDD 8.3 substitui os valores provisórios da spec 001.
Criar inventario de animais a abrigar,Santuario,Vertical slice,P0,Todo,Feature,"GDD 8, 11, 11.1",Persistir animais resgatados em estado de espera ate serem acomodados em terreno valido.,Resgate bem-sucedido adiciona animal aos slots a abrigar. | Animal em espera nao gera producao passiva. | Mapa bloqueia novo encontro quando limite de animais a abrigar estiver cheio.,Implementar resolucao probabilistica do resgate,Quantidade de slots; tratamento quando nao houver vaga; comportamento de descarte ou espera prolongada.
Integrar acomodacao no santuario,Santuario,Vertical slice,P0,Todo,Feature,"GDD 11, 11.1","Permitir mover animais do inventario a abrigar para terrenos compativeis, respeitando especie unica por terreno e capacidade.",Terreno abriga uma especie por vez e varios individuos da mesma especie. | Individuos iguais somam producao linearmente. | Mover especie entre terrenos so e permitido para terreno destino vazio.,Criar inventario de animais a abrigar | Consolidar catalogo inicial de especies,Capacidade-base 2 ou 3; matriz de compatibilidade e efeito de parcial/incompativel.
Expandir santuario por adjacencia e neblina,Santuario,Producao,P1,Todo,Feature,GDD 11,Adicionar compra de terrenos adjacentes aos desbloqueados e manter terrenos distantes ocultos por neblina.,Jogador inicia com 4 terrenos centrais. | Apenas terrenos adjacentes a desbloqueados ficam compraveis. | Terrenos bloqueados permanecem cobertos por neblina ate ficarem elegiveis.,Integrar acomodacao no santuario,Custo e curva de compra de terrenos.
Permitir troca de bioma em terreno vazio,Santuario,Producao,P1,Todo,Feature,GDD 11,"Permitir alterar o bioma de um terreno sem animais, zerando upgrades e visual daquele terreno.","Troca so e permitida quando o terreno nao tem animais abrigados. | Ao trocar bioma, upgrades voltam ao estado inicial e visual reinicia. | Confirmacao mostra claramente perdas antes de aplicar a troca.",Expandir santuario por adjacencia e neblina,Custo da troca e se existe cooldown.
Revisar trilhas de upgrade de terreno,Santuario,Producao,P1,Todo,Design,"GDD 11.2, Skill tabelas-atuais","Resolver niveis, efeitos e diferenciacao das oito trilhas por bioma antes de ativar upgrades dependentes de decisoes abertas.","Nivel maximo reconciliado entre GDD 1-8 e skill 1-10. | Trilhas 2, 3 e 8 possuem diferencas numericas e texto claro. | Reproducao, coleta dobrada e bonus de bioma Principal so entram apos regras aprovadas.",Integrar acomodacao no santuario,Niveis finais; formulas; custos; reproducao; Principal/compativel/parcial/incompativel.
Implementar producao passiva e coleta manual,Economia,Vertical slice,P0,Todo,Feature,"GDD 11.1, 12, 23.1","Gerar moeda principal por animais acomodados, com coleta manual, teto offline e timestamp confiavel.",Somente animais abrigados produzem moeda. | Coleta manual atualiza saldo e timestamp sem duplicacao. | Relogio alterado e app encerrado durante coleta nao causam perda ou exploit.,Integrar acomodacao no santuario,Nome da moeda principal; limite offline; producao-base por especie; intervalo de geracao.
"Definir economia de cestas, terrenos e upgrades",Economia,Pre-producao,P0,Todo,Balanceamento,"GDD 12, 12.2, 17","Criar formulas de custos e simulacoes para fontes, ralos, progressao e inflacao.","Custos de cestas, terrenos e upgrades possuem formula documentada. | Simulacoes cobrem jogador casual, medio e altamente ativo. | Passos e producao idle alimentam a economia sem tornar uma fonte irrelevante.",Criar leitura e conversao de passos | Implementar producao passiva e coleta manual,"Moeda secundaria por passos, teto diario, ralos e retorno decrescente."
Implementar XP e escolha de tres upgrades,Progressao,Producao,P1,Todo,Feature,"GDD 13, 13.1, 14","Adicionar nivel do jogador, ganho de XP e oferta aleatoria de tres trilhas diferentes em cada level-up.",Upgrade no nivel 10 nao aparece como opcao. | As tres opcoes sempre sao trilhas diferentes. | Escolha desbloqueia uma trilha ou adiciona +1 ao nivel atual.,"Definir economia de cestas, terrenos e upgrades","Fontes de XP, curva por nivel, nivel maximo e protecao contra escolhas sem utilidade."
"Criar missoes diarias, semanais e conquistas",Retencao,Producao,P2,Todo,Feature,"GDD 15, 15.1","Formalizar objetivos, escala, recompensas e regras antiabuso para missoes e conquistas.","Missoes diarias incluem caminhar, resgatar e coletar. | Missoes semanais incluem colecao, upgrades e biomas. | Recompensa proporcional cai em niveis altos sem se tornar irrelevante.",Implementar XP e escolha de tres upgrades,"Cadencia de eventos, recompensas, teto proporcional e antiabuso."
Implementar Soltura com reset seguro,Prestigio,Producao,P1,Todo,Feature,"GDD 16, 16.1, 16.2, 16.3","Criar fluxo de reintroducao que reseta a run ativa, preserva progresso permanente e concede bonus meta.","Confirmacao mostra perdas, itens mantidos e recompensas antes de concluir. | Moeda, animais, terrenos comprados, upgrades de terreno e cestas resetam atomicamente. | Nivel, upgrades do jogador e enciclopedia sao mantidos.",Implementar producao passiva e coleta manual | Implementar XP e escolha de tres upgrades,"Elegibilidade, formula final do bonus, recurso de prestigio e Soltura no MVP."
Definir arquitetura de navegacao e telas principais,UX/UI,Pre-producao,P0,Todo,Design,"GDD 18, 18.1","Organizar mapa, encontro, santuario, colecao, loja, perfil e reintroducao com retorno ao mapa em ate uma acao.","Cada tela possui acao primaria, dados essenciais e estados vazio/erro. | Navegacao global define abas, modais e hierarquia. | Estados carregando, sucesso, erro recuperavel, erro sem recuperacao e primeiro uso estao cobertos.",Fechar escopo do MVP e prioridades do vertical slice,Navegacao final e prioridade das telas no MVP.
"Aplicar requisitos de acessibilidade, seguranca e privacidade",UX/UI,Vertical slice,P0,Todo,Qualidade,"GDD 19, 25, 30","Garantir VoiceOver, Dynamic Type, contraste, Reduce Motion, alternativas de mobilidade, consentimento e minimizacao de dados.",Fluxos principais funcionam com VoiceOver e ordem logica. | Dynamic Type nao corta textos e estados nao dependem apenas de cor. | Localizacao e saude coletam apenas o minimo necessario com consentimento claro.,Definir arquitetura de navegacao e telas principais,Alternativas a caminhada; politica de localizacao precisa; limites de analytics.
Definir direcao de arte e tokens visuais,Arte,Pre-producao,P1,Todo,Design,"GDD 20, 20.1, Skill direcao-visual","Consolidar composicao vertical, legibilidade de animais/biomas, estados bloqueados e paleta com contraste.","Mapa, santuario e encontro usam direcao aprovada sem copiar elementos nao canonicos. | Tokens Primary, Success, Warning, Locked e Eligible possuem valores e contraste. | Especies, biomas e estados bloqueados sao distinguiveis no zoom minimo.",Definir arquitetura de navegacao e telas principais,Identidade visual final e nivel de estilizacao.
Criar camada editorial de conservacao,Narrativa,Producao,P1,Todo,Conteudo,"GDD 22, 22.1","Definir textos, fontes e revisao para historia das especies, ameacas reais, simplificacoes de gameplay e ficcao do universo.","Cada conteudo cientifico tem fonte, data de consulta e revisor. | Texto separa fato cientifico, simplificacao de gameplay e ficcao. | Jogo nao sugere que alimentar, capturar ou deslocar animais reais seja pratica adequada.",Consolidar catalogo inicial de especies,"Tom de voz, consultoria cientifica/cultural e formato de aprofundamento."
Instrumentar telemetria minima do loop,Analytics,Vertical slice,P1,Todo,Tecnico,"GDD 25, 25.1","Registrar eventos suficientes para avaliar oportunidades de mapa, justica do resgate, economia, santuário e prestígio.","Eventos spawn_seen, encounter_started, rescue_attempt, rescue_result, currency_source, currency_sink, animal_placed e upgrade_bought estao definidos. | Propriedades evitam coordenadas precisas sem justificativa e consentimento. | KPIs D1/D7, tempo ate primeiro resgate e sucesso por raridade/cesta podem ser calculados.",Implementar mapa com localizacao e permissoes | Implementar resolucao probabilistica do resgate | Integrar acomodacao no santuario,"Ferramenta de analytics, metas numericas e politica de privacidade."
Montar plano de QA em dispositivo,QA,Polimento,P1,Todo,Qualidade,"GDD 24.2, 28, 29","Criar matriz de cenarios, dispositivos, condicoes de rede e perfis para validar localizacao, passos, save, economia, acessibilidade e desempenho.","Cenarios cobrem permissao negada, baixa precisao, tunel, velocidade alta, fuso alterado e dados atrasados. | Save e transacoes sao testados durante resgate, upgrade, coleta e Soltura. | Mapa denso e santuario com muitos terrenos rodam dentro das metas definidas.","Aplicar requisitos de acessibilidade, seguranca e privacidade | Instrumentar telemetria minima do loop","Dispositivos alvo, metas de FPS, bateria, inicializacao, offline e tamanho do app."
"Reconciliar divergencias entre GDD, skill e spec 001",Governanca,Pre-producao,P0,Todo,Decisao,"GDD 8.3, 11.2; Skill sistemas-do-jogo; specs/001-minigame-de-resgate",Registrar decisoes mais recentes e atualizar a fonte de verdade para evitar que implementacoes futuras usem regras conflitantes.,"Formula de resgate do GDD 8.3 e valores provisórios da spec 001 possuem uma decisao de precedencia. | Tratamento de cesta incompativel fica unico: bloqueada, 0% com tentativa ou outro fluxo aprovado. | Nivel maximo de upgrades de terreno fica unico: 1-8 ou 1-10.",Fechar escopo do MVP e prioridades do vertical slice,"Qual documento vence quando GDD, skill e specs existentes divergem."
